{
  "port": 8650,
  "workers": 1,
  "stickyCluster": false,
  "startServerTimeout": 3000,
  "reloadSignal": "SIGUSR2",
  "processKillTimeout": 10000,
  "jsonpCallbackField": "callback",
  "jsonContentType": "application/json",
  "jsonpContentType": "application/javascript",
  "errnoField": "errno",
  "errmsgField": "errmsg",
  "defaultErrno": 1000,
  "validateDefaultErrno": 1001,
  "redisHost": "localhost",
  "redisPort": 6379,
  "redisPwd": "tronbet_201811",
  "goodsRate": [
    10000,
    20000,
    30000,
    33000,
    36000,
    36900,
    37800,
    38076,
    38352,
    38628
  ],
  "hashkey": "this.promise(i++)",
  "nodepay": "https://full.tronbet.com",
  "fullNode": "https://full.tronbet.com",
  "solidityNode": "https://solidity.tronbet.com",
  "eventServer": "https://solidity.tronbet.com",
  "suitPrices": {
    "3": 9,
    "5": 30,
    "7": 120,
    "10": 540
  },
  "suitScore": {
    "3": 1,
    "5": 5,
    "7": 30,
    "10": 160
  },
  "goodPrices": [
    2.7,
    2.7,
    2.7,
    10,
    10,
    43,
    43,
    132,
    132,
    132
  ],
  "publicKeyHex": "414915E5501D1F01DDB5EF8983B6877874A83FCC57",
  "tronChristmasActAddress": "41e4d7994f46df4322db5e170f25cc7f8f19d230db",
  "scoreRankAward": [
    15000,
    10000,
    7000,
    6000,
    5000,
    4000,
    3800,
    3600,
    3400,
    3200,
    3000,
    2800,
    2600,
    2400,
    2200,
    2000,
    1800,
    1600,
    1400,
    1200,
    1000,
    1000,
    1000,
    1000,
    1000,
    800,
    800,
    800,
    800,
    800,
    600,
    600,
    600,
    600,
    600,
    500,
    500,
    500,
    500,
    500,
    400,
    400,
    400,
    400,
    400,
    300,
    300,
    300,
    300,
    300
  ],
  "cache": {
    "type": "redis",
    "redis": {
      "timeout": 86400000,
      "port": 6379,
      "host": "127.0.0.1",
      "password": "tronbet_201811"
    }
  },
  "model": {
    "type": "mysql",
    "mysql": {
      "logConnect": true,
      "logSql": true,
      "database": "tron_bet_admin",
      "prefix": "",
      "encoding": "utf8",
      "host": "192.169.80.66",
      "port": 3306,
      "user": "root",
      "password": "",
      "dateStrings": true,
      "connectionLimit": 5,
      "pageSize": 20
    },
    "mysql2": {
      "logConnect": true,
      "logSql": true,
      "database": "tron_bet_wzc",
      "prefix": "",
      "encoding": "utf8",
      "host": "192.169.80.66",
      "port": 3306,
      "user": "root",
      "connectionLimit": 5,
      "password": "",
      "dateStrings": true,
      "pageSize": 20
    }
  },
  "session": {
    "type": "jwt",
    "jwt": {
      "cookie": {
        "name": "thinkjs"
      },
      "secret": "thisistronbetsssss",
      "tokenType": "cookie",
      "tokenName": "jwt",
      "sign": {},
      "verify": {}
    }
  },
  "view": {
    "type": "nunjucks",
    "nunjucks": {
      "viewPath": "D:\\code\\deployee\\tronbet_profile\\view",
      "sep": "_",
      "extname": ".html"
    }
  }
}